{"cameraMode":{"drawMode":0,"name":"Shaded","section":"Shading Mode"},"sceneLighting":true,"audioPlay":false,"sceneViewState":{"showFog":true,"showMaterialUpdate":false,"showSkybox":true,"showFlares":true,"showImageEffects":true,"showParticleSystems":true},"in2DMode":false,"pivot":{"x":-0.4822993278503418,"y":0.21634292602539063,"z":0.3632817268371582},"rotation":{"x":-0.08923669904470444,"y":0.8892327547073364,"z":-0.19680559635162354,"w":-0.4032009541988373},"size":10.0,"orthographic":false}